{
  "timestamp": 1765459833.018896,
  "duration": 3.0026395320892334,
  "stats": {
    "total": 0,
    "running": 0,
    "waiting": 0,
    "completed": 0,
    "failed": 0,
    "terminated": 0,
    "groups": 0,
    "pools": 0
  },
  "system": {
    "cpu_usage": 9.2,
    "memory_used": 9067364352,
    "memory_total": 16802910208,
    "memory_percent": 54.0,
    "cpu_history": [
      [
        1765459830.0162587,
        0.0
      ],
      [
        1765459831.0173357,
        9.0
      ],
      [
        1765459832.017862,
        5.9
      ]
    ],
    "memory_history": [
      [
        1765459830.0162587,
        54.1
      ],
      [
        1765459831.0173357,
        54.2
      ],
      [
        1765459832.017862,
        54.2
      ]
    ]
  },
  "threads": {}
}
# Commit 7 marker
